,ID,X,Y
0,1010,146.8534483558495,-36.104323492095766
