,ID,X,Y
0,1009,146.37065158469036,-36.33067394458289
1,1010,146.8534483558495,-36.104323492095766
